Data Source,World Development Indicators,,,,,,,,,,,,,,,,,,,,,,,,,,,,,,,,,,,,,,,,,,,,,,,,,,,,,,,,,,,,
,,,,,,,,,,,,,,,,,,,,,,,,,,,,,,,,,,,,,,,,,,,,,,,,,,,,,,,,,,,,,
Country Name,Country Code,Indicator Name,Indicator Code,1960,1961,1962,1963,1964,1965,1966,1967,1968,1969,1970,1971,1972,1973,1974,1975,1976,1977,1978,1979,1980,1981,1982,1983,1984,1985,1986,1987,1988,1989,1990,1991,1992,1993,1994,1995,1996,1997,1998,1999,2000,2001,2002,2003,2004,2005,2006,2007,2008,2009,2010,2011,2012,2013,2014,2015,2016,2017
Aruba,ABW,"Population, total",SP.POP.TOTL,,,,,,,,,,,,,,,,,,,,,,,,,,,,,,,,,,,,,,,,,,,,,,,,,,,,,,,,,,102053
Afghanistan,AFG,"Population, total",SP.POP.TOTL,,,,,,,,,,,,,,,,,,,,,,,,,,,,,,,,,,,,,,,,,,,,,,,,,,,,,,,,,,29708599
Angola,AGO,"Population, total",SP.POP.TOTL,,,,,,,,,,,,,,,,,,,,,,,,,,,,,,,,,,,,,,,,,,,,,,,,,,,,,,,,,,24218565
Albania,ALB,"Population, total",SP.POP.TOTL,,,,,,,,,,,,,,,,,,,,,,,,,,,,,,,,,,,,,,,,,,,,,,,,,,,,,,,,,,2905195
Andorra,AND,"Population, total",SP.POP.TOTL,,,,,,,,,,,,,,,,,,,,,,,,,,,,,,,,,,,,,,,,,,,,,,,,,,,,,,,,,,83751
Arab World,ARB,"Population, total",SP.POP.TOTL,,,,,,,,,,,,,,,,,,,,,,,,,,,,,,,,,,,,,,,,,,,,,,,,,,,,,,,,,,364895878
United Arab Emirates,ARE,"Population, total",SP.POP.TOTL,,,,,,,,,,,,,,,,,,,,,,,,,,,,,,,,,,,,,,,,,,,,,,,,,,,,,,,,,,8672475
Argentina,ARG,"Population, total",SP.POP.TOTL,,,,,,,,,,,,,,,,,,,,,,,,,,,,,,,,,,,,,,,,,,,,,,,,,,,,,,,,,,41656879
Armenia,ARM,"Population, total",SP.POP.TOTL,,,,,,,,,,,,,,,,,,,,,,,,,,,,,,,,,,,,,,,,,,,,,,,,,,,,,,,,,,2875581
American Samoa,ASM,"Population, total",SP.POP.TOTL,,,,,,,,,,,,,,,,,,,,,,,,,,,,,,,,,,,,,,,,,,,,,,,,,,,,,,,,,,55320
Antigua and Barbuda,ATG,"Population, total",SP.POP.TOTL,,,,,,,,,,,,,,,,,,,,,,,,,,,,,,,,,,,,,,,,,,,,,,,,,,,,,,,,,,95719
Australia,AUS,"Population, total",SP.POP.TOTL,,,,,,,,,,,,,,,,,,,,,,,,,,,,,,,,,,,,,,,,,,,,,,,,,,,,,,,,,,22340024
Austria,AUT,"Population, total",SP.POP.TOTL,,,,,,,,,,,,,,,,,,,,,,,,,,,,,,,,,,,,,,,,,,,,,,,,,,,,,,,,,,8391643
Azerbaijan,AZE,"Population, total",SP.POP.TOTL,,,,,,,,,,,,,,,,,,,,,,,,,,,,,,,,,,,,,,,,,,,,,,,,,,,,,,,,,,9173082
Burundi,BDI,"Population, total",SP.POP.TOTL,,,,,,,,,,,,,,,,,,,,,,,,,,,,,,,,,,,,,,,,,,,,,,,,,,,,,,,,,,9043508
Belgium,BEL,"Population, total",SP.POP.TOTL,,,,,,,,,,,,,,,,,,,,,,,,,,,,,,,,,,,,,,,,,,,,,,,,,,,,,,,,,,11047744
Benin,BEN,"Population, total",SP.POP.TOTL,,,,,,,,,,,,,,,,,,,,,,,,,,,,,,,,,,,,,,,,,,,,,,,,,,,,,,,,,,9460802
Burkina Faso,BFA,"Population, total",SP.POP.TOTL,,,,,,,,,,,,,,,,,,,,,,,,,,,,,,,,,,,,,,,,,,,,,,,,,,,,,,,,,,16081904
Bangladesh,BGD,"Population, total",SP.POP.TOTL,,,,,,,,,,,,,,,,,,,,,,,,,,,,,,,,,,,,,,,,,,,,,,,,,,,,,,,,,,153911916
Bulgaria,BGR,"Population, total",SP.POP.TOTL,,,,,,,,,,,,,,,,,,,,,,,,,,,,,,,,,,,,,,,,,,,,,,,,,,,,,,,,,,7348328
Bahrain,BHR,"Population, total",SP.POP.TOTL,,,,,,,,,,,,,,,,,,,,,,,,,,,,,,,,,,,,,,,,,,,,,,,,,,,,,,,,,,1278269
"Bahamas, The",BHS,"Population, total",SP.POP.TOTL,,,,,,,,,,,,,,,,,,,,,,,,,,,,,,,,,,,,,,,,,,,,,,,,,,,,,,,,,,366568
Bosnia and Herzegovina,BIH,"Population, total",SP.POP.TOTL,,,,,,,,,,,,,,,,,,,,,,,,,,,,,,,,,,,,,,,,,,,,,,,,,,,,,,,,,,3688865
Belarus,BLR,"Population, total",SP.POP.TOTL,,,,,,,,,,,,,,,,,,,,,,,,,,,,,,,,,,,,,,,,,,,,,,,,,,,,,,,,,,9473172
Belize,BLZ,"Population, total",SP.POP.TOTL,,,,,,,,,,,,,,,,,,,,,,,,,,,,,,,,,,,,,,,,,,,,,,,,,,,,,,,,,,329192
Bermuda,BMU,"Population, total",SP.POP.TOTL,,,,,,,,,,,,,,,,,,,,,,,,,,,,,,,,,,,,,,,,,,,,,,,,,,,,,,,,,,64564
Bolivia,BOL,"Population, total",SP.POP.TOTL,,,,,,,,,,,,,,,,,,,,,,,,,,,,,,,,,,,,,,,,,,,,,,,,,,,,,,,,,,10078343
Brazil,BRA,"Population, total",SP.POP.TOTL,,,,,,,,,,,,,,,,,,,,,,,,,,,,,,,,,,,,,,,,,,,,,,,,,,,,,,,,,,198686688
Barbados,BRB,"Population, total",SP.POP.TOTL,,,,,,,,,,,,,,,,,,,,,,,,,,,,,,,,,,,,,,,,,,,,,,,,,,,,,,,,,,280601
Brunei Darussalam,BRN,"Population, total",SP.POP.TOTL,,,,,,,,,,,,,,,,,,,,,,,,,,,,,,,,,,,,,,,,,,,,,,,,,,,,,,,,,,394013
Bhutan,BTN,"Population, total",SP.POP.TOTL,,,,,,,,,,,,,,,,,,,,,,,,,,,,,,,,,,,,,,,,,,,,,,,,,,,,,,,,,,740510
Botswana,BWA,"Population, total",SP.POP.TOTL,,,,,,,,,,,,,,,,,,,,,,,,,,,,,,,,,,,,,,,,,,,,,,,,,,,,,,,,,,2051339
Central African Republic,CAF,"Population, total",SP.POP.TOTL,,,,,,,,,,,,,,,,,,,,,,,,,,,,,,,,,,,,,,,,,,,,,,,,,,,,,,,,,,4476153
Canada,CAN,"Population, total",SP.POP.TOTL,,,,,,,,,,,,,,,,,,,,,,,,,,,,,,,,,,,,,,,,,,,,,,,,,,,,,,,,,,34342780
Central Europe and the Baltics,CEB,"Population, total",SP.POP.TOTL,,,,,,,,,,,,,,,,,,,,,,,,,,,,,,,,,,,,,,,,,,,,,,,,,,,,,,,,,,104174038
Switzerland,CHE,"Population, total",SP.POP.TOTL,,,,,,,,,,,,,,,,,,,,,,,,,,,,,,,,,,,,,,,,,,,,,,,,,,,,,,,,,,7912398
Channel Islands,CHI,"Population, total",SP.POP.TOTL,,,,,,,,,,,,,,,,,,,,,,,,,,,,,,,,,,,,,,,,,,,,,,,,,,,,,,,,,,160497
Chile,CHL,"Population, total",SP.POP.TOTL,,,,,,,,,,,,,,,,,,,,,,,,,,,,,,,,,,,,,,,,,,,,,,,,,,,,,,,,,,17153357
China,CHN,"Population, total",SP.POP.TOTL,,,,,,,,,,,,,,,,,,,,,,,,,,,,,,,,,,,,,,,,,,,,,,,,,,,,,,,,,,1344130000
Cote d'Ivoire,CIV,"Population, total",SP.POP.TOTL,,,,,,,,,,,,,,,,,,,,,,,,,,,,,,,,,,,,,,,,,,,,,,,,,,,,,,,,,,20895311
Cameroon,CMR,"Population, total",SP.POP.TOTL,,,,,,,,,,,,,,,,,,,,,,,,,,,,,,,,,,,,,,,,,,,,,,,,,,,,,,,,,,20520447
"Congo, Dem. Rep.",COD,"Population, total",SP.POP.TOTL,,,,,,,,,,,,,,,,,,,,,,,,,,,,,,,,,,,,,,,,,,,,,,,,,,,,,,,,,,66713597
"Congo, Rep.",COG,"Population, total",SP.POP.TOTL,,,,,,,,,,,,,,,,,,,,,,,,,,,,,,,,,,,,,,,,,,,,,,,,,,,,,,,,,,4512730
Colombia,COL,"Population, total",SP.POP.TOTL,,,,,,,,,,,,,,,,,,,,,,,,,,,,,,,,,,,,,,,,,,,,,,,,,,,,,,,,,,46406646
Comoros,COM,"Population, total",SP.POP.TOTL,,,,,,,,,,,,,,,,,,,,,,,,,,,,,,,,,,,,,,,,,,,,,,,,,,,,,,,,,,706569
Cabo Verde,CPV,"Population, total",SP.POP.TOTL,,,,,,,,,,,,,,,,,,,,,,,,,,,,,,,,,,,,,,,,,,,,,,,,,,,,,,,,,,508067
Costa Rica,CRI,"Population, total",SP.POP.TOTL,,,,,,,,,,,,,,,,,,,,,,,,,,,,,,,,,,,,,,,,,,,,,,,,,,,,,,,,,,4600474
Caribbean small states,CSS,"Population, total",SP.POP.TOTL,,,,,,,,,,,,,,,,,,,,,,,,,,,,,,,,,,,,,,,,,,,,,,,,,,,,,,,,,,7029022
Cuba,CUB,"Population, total",SP.POP.TOTL,,,,,,,,,,,,,,,,,,,,,,,,,,,,,,,,,,,,,,,,,,,,,,,,,,,,,,,,,,11354651
Curacao,CUW,"Population, total",SP.POP.TOTL,,,,,,,,,,,,,,,,,,,,,,,,,,,,,,,,,,,,,,,,,,,,,,,,,,,,,,,,,,150831
Cayman Islands,CYM,"Population, total",SP.POP.TOTL,,,,,,,,,,,,,,,,,,,,,,,,,,,,,,,,,,,,,,,,,,,,,,,,,,,,,,,,,,56579
Cyprus,CYP,"Population, total",SP.POP.TOTL,,,,,,,,,,,,,,,,,,,,,,,,,,,,,,,,,,,,,,,,,,,,,,,,,,,,,,,,,,1124835
Czech Republic,CZE,"Population, total",SP.POP.TOTL,,,,,,,,,,,,,,,,,,,,,,,,,,,,,,,,,,,,,,,,,,,,,,,,,,,,,,,,,,10496088
Germany,DEU,"Population, total",SP.POP.TOTL,,,,,,,,,,,,,,,,,,,,,,,,,,,,,,,,,,,,,,,,,,,,,,,,,,,,,,,,,,80274983
Djibouti,DJI,"Population, total",SP.POP.TOTL,,,,,,,,,,,,,,,,,,,,,,,,,,,,,,,,,,,,,,,,,,,,,,,,,,,,,,,,,,865937
Dominica,DMA,"Population, total",SP.POP.TOTL,,,,,,,,,,,,,,,,,,,,,,,,,,,,,,,,,,,,,,,,,,,,,,,,,,,,,,,,,,71718
Denmark,DNK,"Population, total",SP.POP.TOTL,,,,,,,,,,,,,,,,,,,,,,,,,,,,,,,,,,,,,,,,,,,,,,,,,,,,,,,,,,5570572
Dominican Republic,DOM,"Population, total",SP.POP.TOTL,,,,,,,,,,,,,,,,,,,,,,,,,,,,,,,,,,,,,,,,,,,,,,,,,,,,,,,,,,10027095
Algeria,DZA,"Population, total",SP.POP.TOTL,,,,,,,,,,,,,,,,,,,,,,,,,,,,,,,,,,,,,,,,,,,,,,,,,,,,,,,,,,36819558
East Asia & Pacific (excluding high income),EAP,"Population, total",SP.POP.TOTL,,,,,,,,,,,,,,,,,,,,,,,,,,,,,,,,,,,,,,,,,,,,,,,,,,,,,,,,,,1978727582
Early-demographic dividend,EAR,"Population, total",SP.POP.TOTL,,,,,,,,,,,,,,,,,,,,,,,,,,,,,,,,,,,,,,,,,,,,,,,,,,,,,,,,,,2952873719
East Asia & Pacific,EAS,"Population, total",SP.POP.TOTL,,,,,,,,,,,,,,,,,,,,,,,,,,,,,,,,,,,,,,,,,,,,,,,,,,,,,,,,,,2220357890
Europe & Central Asia (excluding high income),ECA,"Population, total",SP.POP.TOTL,,,,,,,,,,,,,,,,,,,,,,,,,,,,,,,,,,,,,,,,,,,,,,,,,,,,,,,,,,405521953
Europe & Central Asia,ECS,"Population, total",SP.POP.TOTL,,,,,,,,,,,,,,,,,,,,,,,,,,,,,,,,,,,,,,,,,,,,,,,,,,,,,,,,,,891094964
Ecuador,ECU,"Population, total",SP.POP.TOTL,,,,,,,,,,,,,,,,,,,,,,,,,,,,,,,,,,,,,,,,,,,,,,,,,,,,,,,,,,15177355
"Egypt, Arab Rep.",EGY,"Population, total",SP.POP.TOTL,,,,,,,,,,,,,,,,,,,,,,,,,,,,,,,,,,,,,,,,,,,,,,,,,,,,,,,,,,85897561
Euro area,EMU,"Population, total",SP.POP.TOTL,,,,,,,,,,,,,,,,,,,,,,,,,,,,,,,,,,,,,,,,,,,,,,,,,,,,,,,,,,335425831
Eritrea,ERI,"Population, total",SP.POP.TOTL,,,,,,,,,,,,,,,,,,,,,,,,,,,,,,,,,,,,,,,,,,,,,,,,,,,,,,,,,,4474690
Spain,ESP,"Population, total",SP.POP.TOTL,,,,,,,,,,,,,,,,,,,,,,,,,,,,,,,,,,,,,,,,,,,,,,,,,,,,,,,,,,46742697
Estonia,EST,"Population, total",SP.POP.TOTL,,,,,,,,,,,,,,,,,,,,,,,,,,,,,,,,,,,,,,,,,,,,,,,,,,,,,,,,,,1327439
Ethiopia,ETH,"Population, total",SP.POP.TOTL,,,,,,,,,,,,,,,,,,,,,,,,,,,,,,,,,,,,,,,,,,,,,,,,,,,,,,,,,,90046756
European Union,EUU,"Population, total",SP.POP.TOTL,,,,,,,,,,,,,,,,,,,,,,,,,,,,,,,,,,,,,,,,,,,,,,,,,,,,,,,,,,504012082
Fragile and conflict affected situations,FCS,"Population, total",SP.POP.TOTL,,,,,,,,,,,,,,,,,,,,,,,,,,,,,,,,,,,,,,,,,,,,,,,,,,,,,,,,,,449398455
Finland,FIN,"Population, total",SP.POP.TOTL,,,,,,,,,,,,,,,,,,,,,,,,,,,,,,,,,,,,,,,,,,,,,,,,,,,,,,,,,,5388272
Fiji,FJI,"Population, total",SP.POP.TOTL,,,,,,,,,,,,,,,,,,,,,,,,,,,,,,,,,,,,,,,,,,,,,,,,,,,,,,,,,,867086
France,FRA,"Population, total",SP.POP.TOTL,,,,,,,,,,,,,,,,,,,,,,,,,,,,,,,,,,,,,,,,,,,,,,,,,,,,,,,,,,65342776
Faroe Islands,FRO,"Population, total",SP.POP.TOTL,,,,,,,,,,,,,,,,,,,,,,,,,,,,,,,,,,,,,,,,,,,,,,,,,,,,,,,,,,48608
"Micronesia, Fed. Sts.",FSM,"Population, total",SP.POP.TOTL,,,,,,,,,,,,,,,,,,,,,,,,,,,,,,,,,,,,,,,,,,,,,,,,,,,,,,,,,,103468
Gabon,GAB,"Population, total",SP.POP.TOTL,,,,,,,,,,,,,,,,,,,,,,,,,,,,,,,,,,,,,,,,,,,,,,,,,,,,,,,,,,1697101
United Kingdom,GBR,"Population, total",SP.POP.TOTL,,,,,,,,,,,,,,,,,,,,,,,,,,,,,,,,,,,,,,,,,,,,,,,,,,,,,,,,,,63258918
Georgia,GEO,"Population, total",SP.POP.TOTL,,,,,,,,,,,,,,,,,,,,,,,,,,,,,,,,,,,,,,,,,,,,,,,,,,,,,,,,,,3875000
Ghana,GHA,"Population, total",SP.POP.TOTL,,,,,,,,,,,,,,,,,,,,,,,,,,,,,,,,,,,,,,,,,,,,,,,,,,,,,,,,,,25121796
Gibraltar,GIB,"Population, total",SP.POP.TOTL,,,,,,,,,,,,,,,,,,,,,,,,,,,,,,,,,,,,,,,,,,,,,,,,,,,,,,,,,,33405
Guinea,GIN,"Population, total",SP.POP.TOTL,,,,,,,,,,,,,,,,,,,,,,,,,,,,,,,,,,,,,,,,,,,,,,,,,,,,,,,,,,11035170
"Gambia, The",GMB,"Population, total",SP.POP.TOTL,,,,,,,,,,,,,,,,,,,,,,,,,,,,,,,,,,,,,,,,,,,,,,,,,,,,,,,,,,1746363
Guinea-Bissau,GNB,"Population, total",SP.POP.TOTL,,,,,,,,,,,,,,,,,,,,,,,,,,,,,,,,,,,,,,,,,,,,,,,,,,,,,,,,,,1596154
Equatorial Guinea,GNQ,"Population, total",SP.POP.TOTL,,,,,,,,,,,,,,,,,,,,,,,,,,,,,,,,,,,,,,,,,,,,,,,,,,,,,,,,,,994290
Greece,GRC,"Population, total",SP.POP.TOTL,,,,,,,,,,,,,,,,,,,,,,,,,,,,,,,,,,,,,,,,,,,,,,,,,,,,,,,,,,11104899
Grenada,GRD,"Population, total",SP.POP.TOTL,,,,,,,,,,,,,,,,,,,,,,,,,,,,,,,,,,,,,,,,,,,,,,,,,,,,,,,,,,105075
Greenland,GRL,"Population, total",SP.POP.TOTL,,,,,,,,,,,,,,,,,,,,,,,,,,,,,,,,,,,,,,,,,,,,,,,,,,,,,,,,,,56890
Guatemala,GTM,"Population, total",SP.POP.TOTL,,,,,,,,,,,,,,,,,,,,,,,,,,,,,,,,,,,,,,,,,,,,,,,,,,,,,,,,,,14948919
Guam,GUM,"Population, total",SP.POP.TOTL,,,,,,,,,,,,,,,,,,,,,,,,,,,,,,,,,,,,,,,,,,,,,,,,,,,,,,,,,,159678
Guyana,GUY,"Population, total",SP.POP.TOTL,,,,,,,,,,,,,,,,,,,,,,,,,,,,,,,,,,,,,,,,,,,,,,,,,,,,,,,,,,749100
High income,HIC,"Population, total",SP.POP.TOTL,,,,,,,,,,,,,,,,,,,,,,,,,,,,,,,,,,,,,,,,,,,,,,,,,,,,,,,,,,1154998991
"Hong Kong SAR, China",HKG,"Population, total",SP.POP.TOTL,,,,,,,,,,,,,,,,,,,,,,,,,,,,,,,,,,,,,,,,,,,,,,,,,,,,,,,,,,7071600
Honduras,HND,"Population, total",SP.POP.TOTL,,,,,,,,,,,,,,,,,,,,,,,,,,,,,,,,,,,,,,,,,,,,,,,,,,,,,,,,,,8351600
Heavily indebted poor countries (HIPC),HPC,"Population, total",SP.POP.TOTL,,,,,,,,,,,,,,,,,,,,,,,,,,,,,,,,,,,,,,,,,,,,,,,,,,,,,,,,,,648053253
Croatia,HRV,"Population, total",SP.POP.TOTL,,,,,,,,,,,,,,,,,,,,,,,,,,,,,,,,,,,,,,,,,,,,,,,,,,,,,,,,,,4280622
Haiti,HTI,"Population, total",SP.POP.TOTL,,,,,,,,,,,,,,,,,,,,,,,,,,,,,,,,,,,,,,,,,,,,,,,,,,,,,,,,,,10145054
Hungary,HUN,"Population, total",SP.POP.TOTL,,,,,,,,,,,,,,,,,,,,,,,,,,,,,,,,,,,,,,,,,,,,,,,,,,,,,,,,,,9971727
IBRD only,IBD,"Population, total",SP.POP.TOTL,,,,,,,,,,,,,,,,,,,,,,,,,,,,,,,,,,,,,,,,,,,,,,,,,,,,,,,,,,4472295862
IDA & IBRD total,IBT,"Population, total",SP.POP.TOTL,,,,,,,,,,,,,,,,,,,,,,,,,,,,,,,,,,,,,,,,,,,,,,,,,,,,,,,,,,5877978113
IDA total,IDA,"Population, total",SP.POP.TOTL,,,,,,,,,,,,,,,,,,,,,,,,,,,,,,,,,,,,,,,,,,,,,,,,,,,,,,,,,,1405682251
IDA blend,IDB,"Population, total",SP.POP.TOTL,,,,,,,,,,,,,,,,,,,,,,,,,,,,,,,,,,,,,,,,,,,,,,,,,,,,,,,,,,463997812
Indonesia,IDN,"Population, total",SP.POP.TOTL,,,,,,,,,,,,,,,,,,,,,,,,,,,,,,,,,,,,,,,,,,,,,,,,,,,,,,,,,,245707511
IDA only,IDX,"Population, total",SP.POP.TOTL,,,,,,,,,,,,,,,,,,,,,,,,,,,,,,,,,,,,,,,,,,,,,,,,,,,,,,,,,,941684439
Isle of Man,IMN,"Population, total",SP.POP.TOTL,,,,,,,,,,,,,,,,,,,,,,,,,,,,,,,,,,,,,,,,,,,,,,,,,,,,,,,,,,80759
India,IND,"Population, total",SP.POP.TOTL,,,,,,,,,,,,,,,,,,,,,,,,,,,,,,,,,,,,,,,,,,,,,,,,,,,,,,,,,,1247236029
Not classified,INX,"Population, total",SP.POP.TOTL,,,,,,,,,,,,,,,,,,,,,,,,,,,,,,,,,,,,,,,,,,,,,,,,,,,,,,,,,,
Ireland,IRL,"Population, total",SP.POP.TOTL,,,,,,,,,,,,,,,,,,,,,,,,,,,,,,,,,,,,,,,,,,,,,,,,,,,,,,,,,,4576794
"Iran, Islamic Rep.",IRN,"Population, total",SP.POP.TOTL,,,,,,,,,,,,,,,,,,,,,,,,,,,,,,,,,,,,,,,,,,,,,,,,,,,,,,,,,,75491582
Iraq,IRQ,"Population, total",SP.POP.TOTL,,,,,,,,,,,,,,,,,,,,,,,,,,,,,,,,,,,,,,,,,,,,,,,,,,,,,,,,,,31727053
Iceland,ISL,"Population, total",SP.POP.TOTL,,,,,,,,,,,,,,,,,,,,,,,,,,,,,,,,,,,,,,,,,,,,,,,,,,,,,,,,,,319014
Israel,ISR,"Population, total",SP.POP.TOTL,,,,,,,,,,,,,,,,,,,,,,,,,,,,,,,,,,,,,,,,,,,,,,,,,,,,,,,,,,7765800
Italy,ITA,"Population, total",SP.POP.TOTL,,,,,,,,,,,,,,,,,,,,,,,,,,,,,,,,,,,,,,,,,,,,,,,,,,,,,,,,,,59379449
Jamaica,JAM,"Population, total",SP.POP.TOTL,,,,,,,,,,,,,,,,,,,,,,,,,,,,,,,,,,,,,,,,,,,,,,,,,,,,,,,,,,2829493
Jordan,JOR,"Population, total",SP.POP.TOTL,,,,,,,,,,,,,,,,,,,,,,,,,,,,,,,,,,,,,,,,,,,,,,,,,,,,,,,,,,7574943
Japan,JPN,"Population, total",SP.POP.TOTL,,,,,,,,,,,,,,,,,,,,,,,,,,,,,,,,,,,,,,,,,,,,,,,,,,,,,,,,,,127833000
Kazakhstan,KAZ,"Population, total",SP.POP.TOTL,,,,,,,,,,,,,,,,,,,,,,,,,,,,,,,,,,,,,,,,,,,,,,,,,,,,,,,,,,16556600
Kenya,KEN,"Population, total",SP.POP.TOTL,,,,,,,,,,,,,,,,,,,,,,,,,,,,,,,,,,,,,,,,,,,,,,,,,,,,,,,,,,42486839
Kyrgyz Republic,KGZ,"Population, total",SP.POP.TOTL,,,,,,,,,,,,,,,,,,,,,,,,,,,,,,,,,,,,,,,,,,,,,,,,,,,,,,,,,,5514600
Cambodia,KHM,"Population, total",SP.POP.TOTL,,,,,,,,,,,,,,,,,,,,,,,,,,,,,,,,,,,,,,,,,,,,,,,,,,,,,,,,,,14537886
Kiribati,KIR,"Population, total",SP.POP.TOTL,,,,,,,,,,,,,,,,,,,,,,,,,,,,,,,,,,,,,,,,,,,,,,,,,,,,,,,,,,104656
St. Kitts and Nevis,KNA,"Population, total",SP.POP.TOTL,,,,,,,,,,,,,,,,,,,,,,,,,,,,,,,,,,,,,,,,,,,,,,,,,,,,,,,,,,52006
"Korea, Rep.",KOR,"Population, total",SP.POP.TOTL,,,,,,,,,,,,,,,,,,,,,,,,,,,,,,,,,,,,,,,,,,,,,,,,,,,,,,,,,,49936638
Kuwait,KWT,"Population, total",SP.POP.TOTL,,,,,,,,,,,,,,,,,,,,,,,,,,,,,,,,,,,,,,,,,,,,,,,,,,,,,,,,,,3191051
Latin America & Caribbean (excluding high income),LAC,"Population, total",SP.POP.TOTL,,,,,,,,,,,,,,,,,,,,,,,,,,,,,,,,,,,,,,,,,,,,,,,,,,,,,,,,,,576648286
Lao PDR,LAO,"Population, total",SP.POP.TOTL,,,,,,,,,,,,,,,,,,,,,,,,,,,,,,,,,,,,,,,,,,,,,,,,,,,,,,,,,,6333487
Lebanon,LBN,"Population, total",SP.POP.TOTL,,,,,,,,,,,,,,,,,,,,,,,,,,,,,,,,,,,,,,,,,,,,,,,,,,,,,,,,,,4588368
Liberia,LBR,"Population, total",SP.POP.TOTL,,,,,,,,,,,,,,,,,,,,,,,,,,,,,,,,,,,,,,,,,,,,,,,,,,,,,,,,,,4070167
Libya,LBY,"Population, total",SP.POP.TOTL,,,,,,,,,,,,,,,,,,,,,,,,,,,,,,,,,,,,,,,,,,,,,,,,,,,,,,,,,,6193501
St. Lucia,LCA,"Population, total",SP.POP.TOTL,,,,,,,,,,,,,,,,,,,,,,,,,,,,,,,,,,,,,,,,,,,,,,,,,,,,,,,,,,173832
Latin America & Caribbean,LCN,"Population, total",SP.POP.TOTL,,,,,,,,,,,,,,,,,,,,,,,,,,,,,,,,,,,,,,,,,,,,,,,,,,,,,,,,,,603534610
Least developed countries: UN classification,LDC,"Population, total",SP.POP.TOTL,,,,,,,,,,,,,,,,,,,,,,,,,,,,,,,,,,,,,,,,,,,,,,,,,,,,,,,,,,869298106
Low income,LIC,"Population, total",SP.POP.TOTL,,,,,,,,,,,,,,,,,,,,,,,,,,,,,,,,,,,,,,,,,,,,,,,,,,,,,,,,,,575572515
Liechtenstein,LIE,"Population, total",SP.POP.TOTL,,,,,,,,,,,,,,,,,,,,,,,,,,,,,,,,,,,,,,,,,,,,,,,,,,,,,,,,,,36264
Sri Lanka,LKA,"Population, total",SP.POP.TOTL,,,,,,,,,,,,,,,,,,,,,,,,,,,,,,,,,,,,,,,,,,,,,,,,,,,,,,,,,,20271000
Lower middle income,LMC,"Population, total",SP.POP.TOTL,,,,,,,,,,,,,,,,,,,,,,,,,,,,,,,,,,,,,,,,,,,,,,,,,,,,,,,,,,2799383507
Low & middle income,LMY,"Population, total",SP.POP.TOTL,,,,,,,,,,,,,,,,,,,,,,,,,,,,,,,,,,,,,,,,,,,,,,,,,,,,,,,,,,5857844644
Lesotho,LSO,"Population, total",SP.POP.TOTL,,,,,,,,,,,,,,,,,,,,,,,,,,,,,,,,,,,,,,,,,,,,,,,,,,,,,,,,,,2064166
Late-demographic dividend,LTE,"Population, total",SP.POP.TOTL,,,,,,,,,,,,,,,,,,,,,,,,,,,,,,,,,,,,,,,,,,,,,,,,,,,,,,,,,,2194503254
Lithuania,LTU,"Population, total",SP.POP.TOTL,,,,,,,,,,,,,,,,,,,,,,,,,,,,,,,,,,,,,,,,,,,,,,,,,,,,,,,,,,3028115
Luxembourg,LUX,"Population, total",SP.POP.TOTL,,,,,,,,,,,,,,,,,,,,,,,,,,,,,,,,,,,,,,,,,,,,,,,,,,,,,,,,,,518347
Latvia,LVA,"Population, total",SP.POP.TOTL,,,,,,,,,,,,,,,,,,,,,,,,,,,,,,,,,,,,,,,,,,,,,,,,,,,,,,,,,,2059709
"Macao SAR, China",MAC,"Population, total",SP.POP.TOTL,,,,,,,,,,,,,,,,,,,,,,,,,,,,,,,,,,,,,,,,,,,,,,,,,,,,,,,,,,549439
St. Martin (French part),MAF,"Population, total",SP.POP.TOTL,,,,,,,,,,,,,,,,,,,,,,,,,,,,,,,,,,,,,,,,,,,,,,,,,,,,,,,,,,30615
Morocco,MAR,"Population, total",SP.POP.TOTL,,,,,,,,,,,,,,,,,,,,,,,,,,,,,,,,,,,,,,,,,,,,,,,,,,,,,,,,,,32858823
Monaco,MCO,"Population, total",SP.POP.TOTL,,,,,,,,,,,,,,,,,,,,,,,,,,,,,,,,,,,,,,,,,,,,,,,,,,,,,,,,,,37497
Moldova,MDA,"Population, total",SP.POP.TOTL,,,,,,,,,,,,,,,,,,,,,,,,,,,,,,,,,,,,,,,,,,,,,,,,,,,,,,,,,,3559986
Madagascar,MDG,"Population, total",SP.POP.TOTL,,,,,,,,,,,,,,,,,,,,,,,,,,,,,,,,,,,,,,,,,,,,,,,,,,,,,,,,,,21743949
Maldives,MDV,"Population, total",SP.POP.TOTL,,,,,,,,,,,,,,,,,,,,,,,,,,,,,,,,,,,,,,,,,,,,,,,,,,,,,,,,,,377000
Middle East & North Africa,MEA,"Population, total",SP.POP.TOTL,,,,,,,,,,,,,,,,,,,,,,,,,,,,,,,,,,,,,,,,,,,,,,,,,,,,,,,,,,396573248
Mexico,MEX,"Population, total",SP.POP.TOTL,,,,,,,,,,,,,,,,,,,,,,,,,,,,,,,,,,,,,,,,,,,,,,,,,,,,,,,,,,119090017
Marshall Islands,MHL,"Population, total",SP.POP.TOTL,,,,,,,,,,,,,,,,,,,,,,,,,,,,,,,,,,,,,,,,,,,,,,,,,,,,,,,,,,52542
Middle income,MIC,"Population, total",SP.POP.TOTL,,,,,,,,,,,,,,,,,,,,,,,,,,,,,,,,,,,,,,,,,,,,,,,,,,,,,,,,,,5282272129
"Macedonia, FYR",MKD,"Population, total",SP.POP.TOTL,,,,,,,,,,,,,,,,,,,,,,,,,,,,,,,,,,,,,,,,,,,,,,,,,,,,,,,,,,2072383
Mali,MLI,"Population, total",SP.POP.TOTL,,,,,,,,,,,,,,,,,,,,,,,,,,,,,,,,,,,,,,,,,,,,,,,,,,,,,,,,,,15540989
Malta,MLT,"Population, total",SP.POP.TOTL,,,,,,,,,,,,,,,,,,,,,,,,,,,,,,,,,,,,,,,,,,,,,,,,,,,,,,,,,,416268
Myanmar,MMR,"Population, total",SP.POP.TOTL,,,,,,,,,,,,,,,,,,,,,,,,,,,,,,,,,,,,,,,,,,,,,,,,,,,,,,,,,,50553031
Middle East & North Africa (excluding high income),MNA,"Population, total",SP.POP.TOTL,,,,,,,,,,,,,,,,,,,,,,,,,,,,,,,,,,,,,,,,,,,,,,,,,,,,,,,,,,341822043
Montenegro,MNE,"Population, total",SP.POP.TOTL,,,,,,,,,,,,,,,,,,,,,,,,,,,,,,,,,,,,,,,,,,,,,,,,,,,,,,,,,,620079
Mongolia,MNG,"Population, total",SP.POP.TOTL,,,,,,,,,,,,,,,,,,,,,,,,,,,,,,,,,,,,,,,,,,,,,,,,,,,,,,,,,,2761516
Northern Mariana Islands,MNP,"Population, total",SP.POP.TOTL,,,,,,,,,,,,,,,,,,,,,,,,,,,,,,,,,,,,,,,,,,,,,,,,,,,,,,,,,,53786
Mozambique,MOZ,"Population, total",SP.POP.TOTL,,,,,,,,,,,,,,,,,,,,,,,,,,,,,,,,,,,,,,,,,,,,,,,,,,,,,,,,,,24939005
Mauritania,MRT,"Population, total",SP.POP.TOTL,,,,,,,,,,,,,,,,,,,,,,,,,,,,,,,,,,,,,,,,,,,,,,,,,,,,,,,,,,3717672
Mauritius,MUS,"Population, total",SP.POP.TOTL,,,,,,,,,,,,,,,,,,,,,,,,,,,,,,,,,,,,,,,,,,,,,,,,,,,,,,,,,,1252404
Malawi,MWI,"Population, total",SP.POP.TOTL,,,,,,,,,,,,,,,,,,,,,,,,,,,,,,,,,,,,,,,,,,,,,,,,,,,,,,,,,,15627618
Malaysia,MYS,"Population, total",SP.POP.TOTL,,,,,,,,,,,,,,,,,,,,,,,,,,,,,,,,,,,,,,,,,,,,,,,,,,,,,,,,,,28635128
North America,NAC,"Population, total",SP.POP.TOTL,,,,,,,,,,,,,,,,,,,,,,,,,,,,,,,,,,,,,,,,,,,,,,,,,,,,,,,,,,346070702
Namibia,NAM,"Population, total",SP.POP.TOTL,,,,,,,,,,,,,,,,,,,,,,,,,,,,,,,,,,,,,,,,,,,,,,,,,,,,,,,,,,2215621
New Caledonia,NCL,"Population, total",SP.POP.TOTL,,,,,,,,,,,,,,,,,,,,,,,,,,,,,,,,,,,,,,,,,,,,,,,,,,,,,,,,,,254000
Niger,NER,"Population, total",SP.POP.TOTL,,,,,,,,,,,,,,,,,,,,,,,,,,,,,,,,,,,,,,,,,,,,,,,,,,,,,,,,,,17064636
Nigeria,NGA,"Population, total",SP.POP.TOTL,,,,,,,,,,,,,,,,,,,,,,,,,,,,,,,,,,,,,,,,,,,,,,,,,,,,,,,,,,162877076
Nicaragua,NIC,"Population, total",SP.POP.TOTL,,,,,,,,,,,,,,,,,,,,,,,,,,,,,,,,,,,,,,,,,,,,,,,,,,,,,,,,,,5807820
Netherlands,NLD,"Population, total",SP.POP.TOTL,,,,,,,,,,,,,,,,,,,,,,,,,,,,,,,,,,,,,,,,,,,,,,,,,,,,,,,,,,16693074
Norway,NOR,"Population, total",SP.POP.TOTL,,,,,,,,,,,,,,,,,,,,,,,,,,,,,,,,,,,,,,,,,,,,,,,,,,,,,,,,,,4953088
Nepal,NPL,"Population, total",SP.POP.TOTL,,,,,,,,,,,,,,,,,,,,,,,,,,,,,,,,,,,,,,,,,,,,,,,,,,,,,,,,,,27327147
Nauru,NRU,"Population, total",SP.POP.TOTL,,,,,,,,,,,,,,,,,,,,,,,,,,,,,,,,,,,,,,,,,,,,,,,,,,,,,,,,,,10057
New Zealand,NZL,"Population, total",SP.POP.TOTL,,,,,,,,,,,,,,,,,,,,,,,,,,,,,,,,,,,,,,,,,,,,,,,,,,,,,,,,,,4384000
OECD members,OED,"Population, total",SP.POP.TOTL,,,,,,,,,,,,,,,,,,,,,,,,,,,,,,,,,,,,,,,,,,,,,,,,,,,,,,,,,,1248769315
Oman,OMN,"Population, total",SP.POP.TOTL,,,,,,,,,,,,,,,,,,,,,,,,,,,,,,,,,,,,,,,,,,,,,,,,,,,,,,,,,,3237268
Other small states,OSS,"Population, total",SP.POP.TOTL,,,,,,,,,,,,,,,,,,,,,,,,,,,,,,,,,,,,,,,,,,,,,,,,,,,,,,,,,,26902018
Pakistan,PAK,"Population, total",SP.POP.TOTL,,,,,,,,,,,,,,,,,,,,,,,,,,,,,,,,,,,,,,,,,,,,,,,,,,,,,,,,,,174184265
Panama,PAN,"Population, total",SP.POP.TOTL,,,,,,,,,,,,,,,,,,,,,,,,,,,,,,,,,,,,,,,,,,,,,,,,,,,,,,,,,,3707782
Peru,PER,"Population, total",SP.POP.TOTL,,,,,,,,,,,,,,,,,,,,,,,,,,,,,,,,,,,,,,,,,,,,,,,,,,,,,,,,,,29759989
Philippines,PHL,"Population, total",SP.POP.TOTL,,,,,,,,,,,,,,,,,,,,,,,,,,,,,,,,,,,,,,,,,,,,,,,,,,,,,,,,,,95277940
Palau,PLW,"Population, total",SP.POP.TOTL,,,,,,,,,,,,,,,,,,,,,,,,,,,,,,,,,,,,,,,,,,,,,,,,,,,,,,,,,,20599
Papua New Guinea,PNG,"Population, total",SP.POP.TOTL,,,,,,,,,,,,,,,,,,,,,,,,,,,,,,,,,,,,,,,,,,,,,,,,,,,,,,,,,,7269348
Poland,POL,"Population, total",SP.POP.TOTL,,,,,,,,,,,,,,,,,,,,,,,,,,,,,,,,,,,,,,,,,,,,,,,,,,,,,,,,,,38063255
Pre-demographic dividend,PRE,"Population, total",SP.POP.TOTL,,,,,,,,,,,,,,,,,,,,,,,,,,,,,,,,,,,,,,,,,,,,,,,,,,,,,,,,,,760942116
Puerto Rico,PRI,"Population, total",SP.POP.TOTL,,,,,,,,,,,,,,,,,,,,,,,,,,,,,,,,,,,,,,,,,,,,,,,,,,,,,,,,,,3678732
"Korea, Dem. People’s Rep.",PRK,"Population, total",SP.POP.TOTL,,,,,,,,,,,,,,,,,,,,,,,,,,,,,,,,,,,,,,,,,,,,,,,,,,,,,,,,,,24722298
Portugal,PRT,"Population, total",SP.POP.TOTL,,,,,,,,,,,,,,,,,,,,,,,,,,,,,,,,,,,,,,,,,,,,,,,,,,,,,,,,,,10557560
Paraguay,PRY,"Population, total",SP.POP.TOTL,,,,,,,,,,,,,,,,,,,,,,,,,,,,,,,,,,,,,,,,,,,,,,,,,,,,,,,,,,6293783
West Bank and Gaza,PSE,"Population, total",SP.POP.TOTL,,,,,,,,,,,,,,,,,,,,,,,,,,,,,,,,,,,,,,,,,,,,,,,,,,,,,,,,,,3927051
Pacific island small states,PSS,"Population, total",SP.POP.TOTL,,,,,,,,,,,,,,,,,,,,,,,,,,,,,,,,,,,,,,,,,,,,,,,,,,,,,,,,,,2242763
Post-demographic dividend,PST,"Population, total",SP.POP.TOTL,,,,,,,,,,,,,,,,,,,,,,,,,,,,,,,,,,,,,,,,,,,,,,,,,,,,,,,,,,1078083259
French Polynesia,PYF,"Population, total",SP.POP.TOTL,,,,,,,,,,,,,,,,,,,,,,,,,,,,,,,,,,,,,,,,,,,,,,,,,,,,,,,,,,269843
Qatar,QAT,"Population, total",SP.POP.TOTL,,,,,,,,,,,,,,,,,,,,,,,,,,,,,,,,,,,,,,,,,,,,,,,,,,,,,,,,,,1952054
Romania,ROU,"Population, total",SP.POP.TOTL,,,,,,,,,,,,,,,,,,,,,,,,,,,,,,,,,,,,,,,,,,,,,,,,,,,,,,,,,,20147528
Russian Federation,RUS,"Population, total",SP.POP.TOTL,,,,,,,,,,,,,,,,,,,,,,,,,,,,,,,,,,,,,,,,,,,,,,,,,,,,,,,,,,142960868
Rwanda,RWA,"Population, total",SP.POP.TOTL,,,,,,,,,,,,,,,,,,,,,,,,,,,,,,,,,,,,,,,,,,,,,,,,,,,,,,,,,,10516071
South Asia,SAS,"Population, total",SP.POP.TOTL,,,,,,,,,,,,,,,,,,,,,,,,,,,,,,,,,,,,,,,,,,,,,,,,,,,,,,,,,,1653756466
Saudi Arabia,SAU,"Population, total",SP.POP.TOTL,,,,,,,,,,,,,,,,,,,,,,,,,,,,,,,,,,,,,,,,,,,,,,,,,,,,,,,,,,28238020
Sudan,SDN,"Population, total",SP.POP.TOTL,,,,,,,,,,,,,,,,,,,,,,,,,,,,,,,,,,,,,,,,,,,,,,,,,,,,,,,,,,35167314
Senegal,SEN,"Population, total",SP.POP.TOTL,,,,,,,,,,,,,,,,,,,,,,,,,,,,,,,,,,,,,,,,,,,,,,,,,,,,,,,,,,13300910
Singapore,SGP,"Population, total",SP.POP.TOTL,,,,,,,,,,,,,,,,,,,,,,,,,,,,,,,,,,,,,,,,,,,,,,,,,,,,,,,,,,5183688
Solomon Islands,SLB,"Population, total",SP.POP.TOTL,,,,,,,,,,,,,,,,,,,,,,,,,,,,,,,,,,,,,,,,,,,,,,,,,,,,,,,,,,539614
Sierra Leone,SLE,"Population, total",SP.POP.TOTL,,,,,,,,,,,,,,,,,,,,,,,,,,,,,,,,,,,,,,,,,,,,,,,,,,,,,,,,,,6611692
El Salvador,SLV,"Population, total",SP.POP.TOTL,,,,,,,,,,,,,,,,,,,,,,,,,,,,,,,,,,,,,,,,,,,,,,,,,,,,,,,,,,6192560
San Marino,SMR,"Population, total",SP.POP.TOTL,,,,,,,,,,,,,,,,,,,,,,,,,,,,,,,,,,,,,,,,,,,,,,,,,,,,,,,,,,31504
Somalia,SOM,"Population, total",SP.POP.TOTL,,,,,,,,,,,,,,,,,,,,,,,,,,,,,,,,,,,,,,,,,,,,,,,,,,,,,,,,,,12404725
Serbia,SRB,"Population, total",SP.POP.TOTL,,,,,,,,,,,,,,,,,,,,,,,,,,,,,,,,,,,,,,,,,,,,,,,,,,,,,,,,,,7234099
Sub-Saharan Africa (excluding high income),SSA,"Population, total",SP.POP.TOTL,,,,,,,,,,,,,,,,,,,,,,,,,,,,,,,,,,,,,,,,,,,,,,,,,,,,,,,,,,901368314.4
South Sudan,SSD,"Population, total",SP.POP.TOTL,,,,,,,,,,,,,,,,,,,,,,,,,,,,,,,,,,,,,,,,,,,,,,,,,,,,,,,,,,10448857
Sub-Saharan Africa,SSF,"Population, total",SP.POP.TOTL,,,,,,,,,,,,,,,,,,,,,,,,,,,,,,,,,,,,,,,,,,,,,,,,,,,,,,,,,,901455755.4
Small states,SST,"Population, total",SP.POP.TOTL,,,,,,,,,,,,,,,,,,,,,,,,,,,,,,,,,,,,,,,,,,,,,,,,,,,,,,,,,,36173803
Sao Tome and Principe,STP,"Population, total",SP.POP.TOTL,,,,,,,,,,,,,,,,,,,,,,,,,,,,,,,,,,,,,,,,,,,,,,,,,,,,,,,,,,178800
Suriname,SUR,"Population, total",SP.POP.TOTL,,,,,,,,,,,,,,,,,,,,,,,,,,,,,,,,,,,,,,,,,,,,,,,,,,,,,,,,,,531589
Slovak Republic,SVK,"Population, total",SP.POP.TOTL,,,,,,,,,,,,,,,,,,,,,,,,,,,,,,,,,,,,,,,,,,,,,,,,,,,,,,,,,,5398384
Slovenia,SVN,"Population, total",SP.POP.TOTL,,,,,,,,,,,,,,,,,,,,,,,,,,,,,,,,,,,,,,,,,,,,,,,,,,,,,,,,,,2052843
Sweden,SWE,"Population, total",SP.POP.TOTL,,,,,,,,,,,,,,,,,,,,,,,,,,,,,,,,,,,,,,,,,,,,,,,,,,,,,,,,,,9449213
Swaziland,SWZ,"Population, total",SP.POP.TOTL,,,,,,,,,,,,,,,,,,,,,,,,,,,,,,,,,,,,,,,,,,,,,,,,,,,,,,,,,,1225258
Sint Maarten (Dutch part),SXM,"Population, total",SP.POP.TOTL,,,,,,,,,,,,,,,,,,,,,,,,,,,,,,,,,,,,,,,,,,,,,,,,,,,,,,,,,,33435
Seychelles,SYC,"Population, total",SP.POP.TOTL,,,,,,,,,,,,,,,,,,,,,,,,,,,,,,,,,,,,,,,,,,,,,,,,,,,,,,,,,,87441
Syrian Arab Republic,SYR,"Population, total",SP.POP.TOTL,,,,,,,,,,,,,,,,,,,,,,,,,,,,,,,,,,,,,,,,,,,,,,,,,,,,,,,,,,20863993
Turks and Caicos Islands,TCA,"Population, total",SP.POP.TOTL,,,,,,,,,,,,,,,,,,,,,,,,,,,,,,,,,,,,,,,,,,,,,,,,,,,,,,,,,,31731
Chad,TCD,"Population, total",SP.POP.TOTL,,,,,,,,,,,,,,,,,,,,,,,,,,,,,,,,,,,,,,,,,,,,,,,,,,,,,,,,,,12288651
East Asia & Pacific (IDA & IBRD countries),TEA,"Population, total",SP.POP.TOTL,,,,,,,,,,,,,,,,,,,,,,,,,,,,,,,,,,,,,,,,,,,,,,,,,,,,,,,,,,1953970563
Europe & Central Asia (IDA & IBRD countries),TEC,"Population, total",SP.POP.TOTL,,,,,,,,,,,,,,,,,,,,,,,,,,,,,,,,,,,,,,,,,,,,,,,,,,,,,,,,,,443585208
Togo,TGO,"Population, total",SP.POP.TOTL,,,,,,,,,,,,,,,,,,,,,,,,,,,,,,,,,,,,,,,,,,,,,,,,,,,,,,,,,,6679282
Thailand,THA,"Population, total",SP.POP.TOTL,,,,,,,,,,,,,,,,,,,,,,,,,,,,,,,,,,,,,,,,,,,,,,,,,,,,,,,,,,67530130
Tajikistan,TJK,"Population, total",SP.POP.TOTL,,,,,,,,,,,,,,,,,,,,,,,,,,,,,,,,,,,,,,,,,,,,,,,,,,,,,,,,,,7815949
Turkmenistan,TKM,"Population, total",SP.POP.TOTL,,,,,,,,,,,,,,,,,,,,,,,,,,,,,,,,,,,,,,,,,,,,,,,,,,,,,,,,,,5174061
Latin America & the Caribbean (IDA & IBRD countries),TLA,"Population, total",SP.POP.TOTL,,,,,,,,,,,,,,,,,,,,,,,,,,,,,,,,,,,,,,,,,,,,,,,,,,,,,,,,,,587315129
Timor-Leste,TLS,"Population, total",SP.POP.TOTL,,,,,,,,,,,,,,,,,,,,,,,,,,,,,,,,,,,,,,,,,,,,,,,,,,,,,,,,,,1131523
Middle East & North Africa (IDA & IBRD countries),TMN,"Population, total",SP.POP.TOTL,,,,,,,,,,,,,,,,,,,,,,,,,,,,,,,,,,,,,,,,,,,,,,,,,,,,,,,,,,337894992
Tonga,TON,"Population, total",SP.POP.TOTL,,,,,,,,,,,,,,,,,,,,,,,,,,,,,,,,,,,,,,,,,,,,,,,,,,,,,,,,,,104577
South Asia (IDA & IBRD),TSA,"Population, total",SP.POP.TOTL,,,,,,,,,,,,,,,,,,,,,,,,,,,,,,,,,,,,,,,,,,,,,,,,,,,,,,,,,,1653756466
Sub-Saharan Africa (IDA & IBRD countries),TSS,"Population, total",SP.POP.TOTL,,,,,,,,,,,,,,,,,,,,,,,,,,,,,,,,,,,,,,,,,,,,,,,,,,,,,,,,,,901455755.4
Trinidad and Tobago,TTO,"Population, total",SP.POP.TOTL,,,,,,,,,,,,,,,,,,,,,,,,,,,,,,,,,,,,,,,,,,,,,,,,,,,,,,,,,,1334788
Tunisia,TUN,"Population, total",SP.POP.TOTL,,,,,,,,,,,,,,,,,,,,,,,,,,,,,,,,,,,,,,,,,,,,,,,,,,,,,,,,,,10761467
Turkey,TUR,"Population, total",SP.POP.TOTL,,,,,,,,,,,,,,,,,,,,,,,,,,,,,,,,,,,,,,,,,,,,,,,,,,,,,,,,,,73409455
Tuvalu,TUV,"Population, total",SP.POP.TOTL,,,,,,,,,,,,,,,,,,,,,,,,,,,,,,,,,,,,,,,,,,,,,,,,,,,,,,,,,,10628
Tanzania,TZA,"Population, total",SP.POP.TOTL,,,,,,,,,,,,,,,,,,,,,,,,,,,,,,,,,,,,,,,,,,,,,,,,,,,,,,,,,,47570902
Uganda,UGA,"Population, total",SP.POP.TOTL,,,,,,,,,,,,,,,,,,,,,,,,,,,,,,,,,,,,,,,,,,,,,,,,,,,,,,,,,,35093648
Ukraine,UKR,"Population, total",SP.POP.TOTL,,,,,,,,,,,,,,,,,,,,,,,,,,,,,,,,,,,,,,,,,,,,,,,,,,,,,,,,,,45706100
Upper middle income,UMC,"Population, total",SP.POP.TOTL,,,,,,,,,,,,,,,,,,,,,,,,,,,,,,,,,,,,,,,,,,,,,,,,,,,,,,,,,,2482888622
Uruguay,URY,"Population, total",SP.POP.TOTL,,,,,,,,,,,,,,,,,,,,,,,,,,,,,,,,,,,,,,,,,,,,,,,,,,,,,,,,,,3385624
United States,USA,"Population, total",SP.POP.TOTL,,,,,,,,,,,,,,,,,,,,,,,,,,,,,,,,,,,,,,,,,,,,,,,,,,,,,,,,,,311663358
Uzbekistan,UZB,"Population, total",SP.POP.TOTL,,,,,,,,,,,,,,,,,,,,,,,,,,,,,,,,,,,,,,,,,,,,,,,,,,,,,,,,,,29339400
St. Vincent and the Grenadines,VCT,"Population, total",SP.POP.TOTL,,,,,,,,,,,,,,,,,,,,,,,,,,,,,,,,,,,,,,,,,,,,,,,,,,,,,,,,,,109341
"Venezuela, RB",VEN,"Population, total",SP.POP.TOTL,,,,,,,,,,,,,,,,,,,,,,,,,,,,,,,,,,,,,,,,,,,,,,,,,,,,,,,,,,29463291
British Virgin Islands,VGB,"Population, total",SP.POP.TOTL,,,,,,,,,,,,,,,,,,,,,,,,,,,,,,,,,,,,,,,,,,,,,,,,,,,,,,,,,,27901
Virgin Islands (U.S.),VIR,"Population, total",SP.POP.TOTL,,,,,,,,,,,,,,,,,,,,,,,,,,,,,,,,,,,,,,,,,,,,,,,,,,,,,,,,,,105784
Vietnam,VNM,"Population, total",SP.POP.TOTL,,,,,,,,,,,,,,,,,,,,,,,,,,,,,,,,,,,,,,,,,,,,,,,,,,,,,,,,,,87860300
Vanuatu,VUT,"Population, total",SP.POP.TOTL,,,,,,,,,,,,,,,,,,,,,,,,,,,,,,,,,,,,,,,,,,,,,,,,,,,,,,,,,,241871
World,WLD,"Population, total",SP.POP.TOTL,,,,,,,,,,,,,,,,,,,,,,,,,,,,,,,,,,,,,,,,,,,,,,,,,,,,,,,,,,7012843635
Samoa,WSM,"Population, total",SP.POP.TOTL,,,,,,,,,,,,,,,,,,,,,,,,,,,,,,,,,,,,,,,,,,,,,,,,,,,,,,,,,,187665
Kosovo,XKX,"Population, total",SP.POP.TOTL,,,,,,,,,,,,,,,,,,,,,,,,,,,,,,,,,,,,,,,,,,,,,,,,,,,,,,,,,,1791000
"Yemen, Rep.",YEM,"Population, total",SP.POP.TOTL,,,,,,,,,,,,,,,,,,,,,,,,,,,,,,,,,,,,,,,,,,,,,,,,,,,,,,,,,,24252206
South Africa,ZAF,"Population, total",SP.POP.TOTL,,,,,,,,,,,,,,,,,,,,,,,,,,,,,,,,,,,,,,,,,,,,,,,,,,,,,,,,,,51729345.36
Zambia,ZMB,"Population, total",SP.POP.TOTL,,,,,,,,,,,,,,,,,,,,,,,,,,,,,,,,,,,,,,,,,,,,,,,,,,,,,,,,,,14264756
Zimbabwe,ZWE,"Population, total",SP.POP.TOTL,,,,,,,,,,,,,,,,,,,,,,,,,,,,,,,,,,,,,,,,,,,,,,,,,,,,,,,,,,16530000
